# ************************************************************
# Sequel Pro SQL dump
# Version 4541
#
# http://www.sequelpro.com/
# https://github.com/sequelpro/sequelpro
#
# Host: tinnytian.com (MySQL 5.5.35-0ubuntu0.12.04.2)
# Database: smsvoting
# Generation Time: 2016-10-04 02:19:14 +0000
# ************************************************************


/*!40101 SET @OLD_CHARACTER_SET_CLIENT=@@CHARACTER_SET_CLIENT */;
/*!40101 SET @OLD_CHARACTER_SET_RESULTS=@@CHARACTER_SET_RESULTS */;
/*!40101 SET @OLD_COLLATION_CONNECTION=@@COLLATION_CONNECTION */;
/*!40101 SET NAMES utf8 */;
/*!40014 SET @OLD_FOREIGN_KEY_CHECKS=@@FOREIGN_KEY_CHECKS, FOREIGN_KEY_CHECKS=0 */;
/*!40101 SET @OLD_SQL_MODE=@@SQL_MODE, SQL_MODE='NO_AUTO_VALUE_ON_ZERO' */;
/*!40111 SET @OLD_SQL_NOTES=@@SQL_NOTES, SQL_NOTES=0 */;


# Dump of table candidates
# ------------------------------------------------------------

DROP TABLE IF EXISTS `candidates`;

CREATE TABLE `candidates` (
  `c_id` int(11) unsigned NOT NULL AUTO_INCREMENT,
  `c_name` varchar(20) NOT NULL DEFAULT '',
  PRIMARY KEY (`c_id`)
) ENGINE=InnoDB DEFAULT CHARSET=utf8;

LOCK TABLES `candidates` WRITE;
/*!40000 ALTER TABLE `candidates` DISABLE KEYS */;

INSERT INTO `candidates` (`c_id`, `c_name`)
VALUES
	(1,'王吉珂'),
	(2,'陈柏霖'),
	(3,'宋林亮'),
	(4,'马禹酾'),
	(5,'关琦'),
	(6,'Roy'),
	(7,'房鸣宇'),
	(8,'邓杰仁'),
	(9,'郭旸明奇'),
	(10,'王子璇'),
	(11,'陆俊豪'),
	(12,'孙兴'),
	(13,'于诗麒'),
	(14,'崔之瀚'),
	(15,'马致禹'),
	(16,'刘子霖'),
	(17,'张超凡'),
	(18,'许涵');

/*!40000 ALTER TABLE `candidates` ENABLE KEYS */;
UNLOCK TABLES;


# Dump of table config
# ------------------------------------------------------------

DROP TABLE IF EXISTS `config`;

CREATE TABLE `config` (
  `id` int(11) unsigned NOT NULL AUTO_INCREMENT,
  `attribute` varchar(11) NOT NULL DEFAULT '',
  `value` varchar(32) NOT NULL DEFAULT '',
  PRIMARY KEY (`id`)
) ENGINE=InnoDB DEFAULT CHARSET=utf8;

LOCK TABLES `config` WRITE;
/*!40000 ALTER TABLE `config` DISABLE KEYS */;

INSERT INTO `config` (`id`, `attribute`, `value`)
VALUES
	(1,'admin_ip','24.114.56.244');

/*!40000 ALTER TABLE `config` ENABLE KEYS */;
UNLOCK TABLES;


# Dump of table judges
# ------------------------------------------------------------

DROP TABLE IF EXISTS `judges`;

CREATE TABLE `judges` (
  `id` int(11) unsigned NOT NULL AUTO_INCREMENT,
  `name` varchar(11) DEFAULT NULL,
  `password` varchar(11) DEFAULT NULL,
  PRIMARY KEY (`id`)
) ENGINE=InnoDB DEFAULT CHARSET=utf8;



# Dump of table reg_key
# ------------------------------------------------------------

DROP TABLE IF EXISTS `reg_key`;

CREATE TABLE `reg_key` (
  `reg_key` char(8) NOT NULL DEFAULT '',
  `used` tinyint(1) NOT NULL DEFAULT '0',
  PRIMARY KEY (`reg_key`)
) ENGINE=InnoDB DEFAULT CHARSET=utf8;

LOCK TABLES `reg_key` WRITE;
/*!40000 ALTER TABLE `reg_key` DISABLE KEYS */;

INSERT INTO `reg_key` (`reg_key`, `used`)
VALUES
	('AAHSUWIN',1),
	('AAZSCFSR',1),
	('ABCDEFGH',1),
	('ABZTSZCM',1),
	('ACDPECTM',0),
	('AFCSPBSB',0),
	('AGNUSMEV',0),
	('AHIMOCAJ',0),
	('AJNCGRGC',0),
	('ANJXZBHH',1),
	('ANLQVDXD',0),
	('AOIYTLOZ',1),
	('AOLFWNSY',0),
	('ARQUJWNO',1),
	('ARQYYVLS',1),
	('ASFIXQNU',0),
	('ASIQOTVH',0),
	('ATPHDLRA',0),
	('AUUYJCNQ',0),
	('AVVCPFZQ',0),
	('AVXBPZKW',0),
	('AWBBQKJQ',1),
	('AXJHYDOT',1),
	('AYKEHAQH',0),
	('AYMUMERT',0),
	('AZFLXMRT',1),
	('AZJAWABQ',0),
	('BAUSEPHT',0),
	('BBGZFNBI',0),
	('BBMUFHOZ',1),
	('BBYPGWEK',1),
	('BCDEFGHI',1),
	('BCESAKKJ',0),
	('BCVALEEI',0),
	('BCWHDMKB',0),
	('BDSOJFHZ',1),
	('BELOFYCV',1),
	('BGLOJCUV',1),
	('BGUZSQKX',1),
	('BHDDIBQU',0),
	('BHEHBCIA',1),
	('BIPOYIBA',1),
	('BJFIMZJH',1),
	('BKARCNDW',0),
	('BLTRGFLL',0),
	('BLYTTFLS',0),
	('BMLNIOPJ',1),
	('BNEIQFJL',1),
	('BPBMQDUV',1),
	('BPKNFSHR',0),
	('BRQXYGEM',0),
	('BUFDDAKO',1),
	('BWWXFOQP',0),
	('BXKRJPPD',1),
	('BYRPMYYB',1),
	('CCBMIIHK',1),
	('CCFLFCOR',0),
	('CCLHYEOB',1),
	('CDEFGHIJ',1),
	('CDPSDQLF',0),
	('CEJXZWWO',0),
	('CFVDSQJU',0),
	('CHCCCHQC',1),
	('CIPOALUK',1),
	('CISFDKOM',1),
	('CKEOAORA',1),
	('CKHKPVSS',0),
	('CMXHQQIR',0),
	('CNSVASQD',1),
	('COUQQYRS',0),
	('CREATODB',1),
	('CSCUBCBK',1),
	('CTVBONCQ',0),
	('CTVQHTJD',1),
	('CTXBICGQ',0),
	('CVJXIQEW',0),
	('CYPYIIYQ',1),
	('CZLDAPGJ',0),
	('DCSKQUED',0),
	('DEHWKEMQ',1),
	('DHCFXMUG',0),
	('DIUPXMTX',0),
	('DJBCVOQV',1),
	('DKLNMBLE',0),
	('DKTGOBII',0),
	('DLKPFRSC',0),
	('DLPCLNEG',0),
	('DNLTYFYT',0),
	('DPWCDJNX',1),
	('DRXJZIKW',1),
	('DSPELUGG',0),
	('DUTRDBNA',0),
	('DZZSIKRO',0),
	('EAGWUIMX',0),
	('ECMSUQHH',0),
	('ECQHVKAO',0),
	('EDDPGJDI',0),
	('EEEPRITM',1),
	('EFBDNIKM',0),
	('EFHNMVAP',0),
	('EFWXALED',0),
	('EGNZRKOP',1),
	('EGTBKHZG',1),
	('EGWDMBKV',0),
	('EHOODGIZ',1),
	('EIYSYDDR',0),
	('EJBNFRUY',1),
	('EJNWSSSU',0),
	('EKCOMZKI',0),
	('EKWUJVIX',1),
	('EQOCHXWA',0),
	('EQODWSRC',1),
	('ESFVZPNN',1),
	('EUBFHLWG',0),
	('EVDZPNED',0),
	('EWHHMCEW',0),
	('EXYVQMAK',0),
	('EYYXCBGY',0),
	('FBXBHQHM',0),
	('FCHZXPOI',0),
	('FCJRDVZN',0),
	('FDHQBQID',0),
	('FDMUIKDJ',0),
	('FEZUDUEW',1),
	('FFELACNP',1),
	('FGUSHTGY',1),
	('FGVNENNB',0),
	('FHBVVUQA',0),
	('FHVLJNHV',1),
	('FISKWVVY',1),
	('FJZXJKIQ',1),
	('FKJQXGDN',0),
	('FLWMYMVU',0),
	('FMYQXZBS',0),
	('FNDUUNRS',0),
	('FOMQXSOV',0),
	('FPFPLCEO',1),
	('FPVUUILB',0),
	('FQXNDCVO',0),
	('FRCHEMDG',1),
	('FRRXGUPW',0),
	('FRXPGJHY',0),
	('FTXWKJTE',1),
	('FUSAUWPF',1),
	('FVLZCUVU',0),
	('FVRGXYWY',0),
	('FWRTGWHA',0),
	('FXEUPPHH',0),
	('FYNFGMYB',0),
	('FYRNQMXK',0),
	('FZGKUEYL',1),
	('FZZJXXZO',1),
	('GAKHKDOS',0),
	('GELFEODS',0),
	('GFINHJFB',0),
	('GFTSDHOI',1),
	('GFXVOKFG',1),
	('GGHMRAHF',0),
	('GGMXNUGL',1),
	('GGWYAJDR',0),
	('GHHPRZRF',0),
	('GIACSLOS',1),
	('GIHUARBJ',0),
	('GJDORHXW',0),
	('GJLUIAJB',0),
	('GLMCJLMJ',0),
	('GMDHYFHJ',0),
	('GNJCVRUK',0),
	('GORDTVUO',0),
	('GORXNQDR',0),
	('GOSIJMLM',0),
	('GQLGFRYO',0),
	('GQMJBZJB',0),
	('GTKVQUOV',0),
	('GTYUVGLR',0),
	('GUXNUHKI',0),
	('GXDRBVWO',0),
	('HAKIVSSS',0),
	('HBHYCGSD',0),
	('HBJSBVOC',0),
	('HDDJWPQD',1),
	('HDILGYQU',0),
	('HEEFIDSN',1),
	('HFTBQCNG',0),
	('HIJTXUYO',0),
	('HJHIYEOJ',1),
	('HLGNUJOS',1),
	('HLHJTLDQ',0),
	('HLYTEQDL',0),
	('HMRGKIPX',0),
	('HNBHSTWL',1),
	('HOGCAZJH',1),
	('HOVOUQAH',0),
	('HQDIPJYI',0),
	('HQSMTQGQ',0),
	('HQYGJNCA',0),
	('HRNCKNZJ',0),
	('HSDATPOU',0),
	('HTCZKLGJ',0),
	('HTDHBKOA',0),
	('HTHRRRLD',1),
	('HUQYJPUA',1),
	('HXHKQKFI',0),
	('HXMRPGSC',0),
	('HZTERTCX',1),
	('IBMMEMJR',0),
	('IBXOOEXR',0),
	('ICDGOESV',1),
	('ICQSHYRO',1),
	('IDTTRFBY',1),
	('IERNYQKY',0),
	('IEVTYCVM',1),
	('IFSSAJMG',1),
	('IHFTGISR',1),
	('IHHMGOVR',1),
	('IHXCUZIP',1),
	('IIZMREAA',1),
	('IKCOUVHU',0),
	('IKTJMVQX',0),
	('IPAVPCOO',0),
	('ISBXYOFF',1),
	('ISOYGNGB',1),
	('ITCUIIJN',0),
	('ITNFWLHR',1),
	('IUNUXRLU',1),
	('IUURUMBL',0),
	('IVACDJYY',1),
	('IVUZONMX',1),
	('IWIWWBAJ',1),
	('IWTGSRIH',0),
	('IZKWRHCW',1),
	('JAOLGJJI',1),
	('JERZWHLA',1),
	('JGLKBSTW',1),
	('JGWORTTN',0),
	('JHLHPAYY',1),
	('JHTXPWFQ',1),
	('JICYMZTW',0),
	('JIQVHSUN',0),
	('JIVIDSOR',1),
	('JJMJXFMG',1),
	('JJTZKVXZ',0),
	('JKJMJZLZ',1),
	('JOQHOOGV',0),
	('JPYYGROQ',1),
	('JQOMGEDB',1),
	('JQTFXKTE',1),
	('JQVIEUQU',1),
	('JTGXKZZY',1),
	('JTPLJYRX',1),
	('JUPTPHAF',1),
	('JUSYZSDW',0),
	('JVKSMZBD',1),
	('JWKXELRZ',0),
	('JWLTCPVD',0),
	('JXQLMVMI',0),
	('JXUMBLLA',1),
	('JYIAOHFG',1),
	('JZXPZNEP',0),
	('KBOIZVPN',0),
	('KBUCRQKL',1),
	('KCAHMJJK',0),
	('KEEHIFXT',0),
	('KFCUZVVX',0),
	('KFEANDLK',1),
	('KHFBZTZL',1),
	('KIEMFWXR',1),
	('KIFUVZLT',1),
	('KIKNTTNL',0),
	('KIZOQBAV',0),
	('KJHPYBDN',1),
	('KJJOCDVT',1),
	('KKDLFAVT',1),
	('KKTYYTAC',0),
	('KLSOFRVP',0),
	('KMKXESZU',1),
	('KOSIKSEV',0),
	('KPXZPXQD',0),
	('KQQOWAZA',0),
	('KRFGTEIW',0),
	('KSYXYBAP',0),
	('KUXQNNOP',1),
	('KVHRRJUM',0),
	('KWNNJRYL',0),
	('KWVYIAUB',0),
	('KXKEJPCH',0),
	('KXLLZNNU',0),
	('KYLEJASO',0),
	('KYZCTMHA',0),
	('LBSSORHE',0),
	('LCJVBNLK',0),
	('LCMGJZIK',0),
	('LCSPZEAA',1),
	('LDAULGUW',1),
	('LDCPQSLE',0),
	('LERAQCSI',1),
	('LFKNEYCZ',1),
	('LFORGVZX',0),
	('LHFIZMBC',0),
	('LHHKKRPZ',0),
	('LHVPUYCN',0),
	('LIEUBEKD',0),
	('LJVNLWQJ',1),
	('LJYUFEIK',1),
	('LMBMGJMF',0),
	('LMZWWVPU',0),
	('LOHPCQDZ',0),
	('LRLJJUYW',1),
	('LSDLPSWK',1),
	('LSXNARVF',0),
	('LTGBPFSE',0),
	('LTHRLXFY',0),
	('LUCOWVPA',0),
	('LUXOJXIG',1),
	('LVIFXZPI',0),
	('LWFJTKBJ',0),
	('LWJBNJRI',0),
	('LWTMSXAH',0),
	('LWXGXRMC',1),
	('LXRIQVWW',0),
	('LYARRHKF',0),
	('LYFHHYZW',0),
	('LZAGNWSF',1),
	('LZKZJPCD',1),
	('MCWIZBHD',0),
	('MEJFIPCZ',1),
	('MFZZEULK',1),
	('MHKSZIBO',1),
	('MHQXSUZN',0),
	('MHRNISSS',1),
	('MJDTNTOQ',1),
	('MKZRGZIE',1),
	('MLAIQTTE',1),
	('MLHRRMOP',1),
	('MLWXRGQL',1),
	('MNETZCJL',0),
	('MNKTUCTK',0),
	('MNRBVRZT',1),
	('MPCCXQFW',1),
	('MPTUFDHD',1),
	('MPVPDJIN',1),
	('MQOPZUHD',0),
	('MTLSNSZT',1),
	('MUUKTQZU',0),
	('MWORXZYN',0),
	('MWYSBAIF',1),
	('MXIYDNEA',1),
	('MZEUKBLZ',0),
	('MZONNECM',0),
	('MZWOVCOP',1),
	('NBUVYDKD',1),
	('NCHUGHLS',0),
	('NDGNNXYD',1),
	('NEOPXHVG',1),
	('NFAGBKFW',1),
	('NFEBNQFZ',0),
	('NFWBMWUP',1),
	('NFXGWNIW',1),
	('NGPUVKLP',0),
	('NHYBUMUX',1),
	('NKLRVXQR',1),
	('NLZQYLZR',1),
	('NNQLJHTL',1),
	('NPEPQPFJ',1),
	('NRCHUYVI',0),
	('NSCQHAZJ',1),
	('NSEWHWYL',1),
	('NSIALZKM',0),
	('NUQCGIFT',1),
	('NVDTYLKD',0),
	('NWSCYMMC',1),
	('NXBRPCRW',1),
	('NXVIPVUR',1),
	('NYJRHTSP',1),
	('OAFBKOKB',1),
	('OBFLLAGR',1),
	('OCXUMXZR',1),
	('OEYCMRJK',1),
	('OFJNDASB',1),
	('OFZPGWQD',0),
	('OGJSRCYY',1),
	('OITCZMOG',0),
	('OJLNFFNV',1),
	('OKSTAMFV',0),
	('OLLKREJN',0),
	('OMEAJUSM',1),
	('OMJCDLBQ',1),
	('OMYZXZZV',0),
	('ONEEXWVW',1),
	('OOYUAUYV',0),
	('OPQOHXPJ',1),
	('OQOBJSAZ',0),
	('OQUXANNI',0),
	('ORIODLOA',1),
	('ORKGYXIB',1),
	('OTBQYFSX',1),
	('OTCKAJAS',0),
	('OTNWCHAM',1),
	('OUDJNKGN',1),
	('OUEYSQVG',0),
	('OUKYPQXT',0),
	('OXXIOTTS',0),
	('OYIOVJZC',0),
	('OZBSTRRX',0),
	('OZLPMOYW',0),
	('PADOKXRG',0),
	('PADQCCKJ',0),
	('PASSICXR',0),
	('PCZNSXVU',0),
	('PEMYPLMU',0),
	('PEUBQQIZ',0),
	('PIDTREYP',0),
	('PILNJCKH',0),
	('PIVWTUFX',0),
	('PLPRYJMD',0),
	('PNOWWDGQ',0),
	('POCCHDIL',0),
	('PPCXHWIS',0),
	('PRZEIVVT',0),
	('PTCAOIXZ',0),
	('PTEQLPUE',0),
	('PWNLKHMJ',0),
	('PWUUDQPO',0),
	('PYOGLHOM',0),
	('PZJGUBBC',0),
	('QASQOVLC',0),
	('QBISGZIT',0),
	('QGSRFJKX',0),
	('QHWBRMKL',0),
	('QINSMMIT',0),
	('QOHUTGMV',0),
	('QPZJHMMM',0),
	('QQXIYGTH',0),
	('QTDWMGQK',0),
	('QTKVMEET',0),
	('QVCLXPHP',0),
	('QVQCVXYC',0),
	('QVXWWTKF',0),
	('QWDNTYCT',0),
	('QXEJKCQI',0),
	('QXMJRQFT',0),
	('QZLNYEOW',0),
	('RBCHRDQI',0),
	('RDKHDTCN',0),
	('REVFAVEQ',0),
	('REYANQJA',0),
	('RFHNQVGY',0),
	('RHCCWQZV',0),
	('RHLNHFCX',0),
	('RHXUGLMP',0),
	('RIRXUPWA',0),
	('RIZUFDBP',0),
	('RJEKULDS',0),
	('RKAEVXTO',0),
	('RKINAFNA',0),
	('RLSUTZNE',0),
	('RMABMZWV',0),
	('RNDTNCLZ',0),
	('ROKIHXFY',0),
	('RPHKAZKW',0),
	('RPNSSADS',0),
	('RQHEVKKW',0),
	('RTDXQEDR',0),
	('RUMUCEVS',0),
	('RVMLNTVV',0),
	('RVPEDVGH',0),
	('RWHNJJAT',0),
	('RXZQAGRQ',0),
	('RYCBKOQB',0),
	('RYYMZBBA',0),
	('s',0),
	('SASMAOAV',0),
	('SCGVNFMH',0),
	('SCPJYDHJ',0),
	('SCRDFROY',0),
	('SDARSOKM',0),
	('SDIPHAKL',0),
	('SDLNDPFT',0),
	('SEFGHIBT',0),
	('SEGVYHVF',0),
	('SEUDCGYI',0),
	('SFRSZAAN',0),
	('SFVLWWXR',0),
	('SGCPXYUQ',0),
	('SGDQZPTR',0),
	('SGPXYEXK',0),
	('SHIFCFLQ',0),
	('SIJZFWMP',0),
	('SJXJFWEH',0),
	('SKCPIGGW',0),
	('SKSNNLDZ',0),
	('SMUDOTRL',0),
	('SNAVWCOM',0),
	('SNELFMVN',0),
	('SNIAOBCN',0),
	('SOAPZAYC',0),
	('SONPFZSF',0),
	('SPHZLEMU',0),
	('SQUMLKHM',0),
	('SQWNMDVN',0),
	('SQZRHXVI',0),
	('SRHTGFRQ',0),
	('SSIEMCBE',0),
	('STGDJSKS',0),
	('STQSNVCQ',0),
	('SUYDZVLN',0),
	('SVLGNEPN',0),
	('SVQLBXGO',0),
	('SVXUDHHN',0),
	('SWHIDDJY',0),
	('SWHXCVSH',0),
	('SXQLJGTB',0),
	('SXZNSHAS',0),
	('SYMHLAQF',0),
	('TASYCUKY',0),
	('TAWWHKCX',0),
	('TDEYCKHQ',0),
	('TDTWNKCP',0),
	('TEBGTBCD',0),
	('TEFUWCRZ',0),
	('TGDNOTQM',0),
	('TIBHEGLN',0),
	('TJNKLPDW',0),
	('TJZVFQRW',0),
	('TKKBSSJJ',0),
	('TKSAXSHZ',0),
	('TKWQLIBH',0),
	('TLXWIOOT',0),
	('TPUFKUOA',0),
	('TREPPYND',0),
	('TTULNLWB',0),
	('TUPVXHLJ',0),
	('TVFGXKGR',0),
	('TVSJQMUL',0),
	('TXELKWHE',0),
	('TZWGFJZX',0),
	('TZXSHTTQ',0),
	('UAJXTZBV',0),
	('UANADCVG',0),
	('UBOJDUUJ',0),
	('UCKTMPXQ',0),
	('UCYMWBIX',0),
	('UDLRZPVQ',0),
	('UEAJPHCE',0),
	('UENYZHFR',0),
	('UGHWLQRG',0),
	('UGQIBZBM',0),
	('UIVRVRRS',0),
	('UKJWCPRB',0),
	('UKZHZVIT',0),
	('UNDSFJFE',0),
	('UNNDMPHE',0),
	('UNOAKBGV',0),
	('UNWHBCBA',0),
	('UOFMPYDR',0),
	('UOTFDEZO',0),
	('UPYQTSEQ',0),
	('UQQBPCSM',0),
	('USIOJGMV',0),
	('USJQQBWY',0),
	('USMBNRXM',0),
	('UTCHSLJP',0),
	('UUUEXMGS',0),
	('UVBJRWQQ',0),
	('UVJWFMQM',0),
	('UVPUBEBR',0),
	('UWMPXWPZ',0),
	('UWPEQAPO',0),
	('UXUYEQCQ',0),
	('UXVGOBFY',0),
	('UZROGJAK',0),
	('VAKWDXMD',0),
	('VATEPHLW',0),
	('VCGEMQNY',0),
	('VCWZSQPG',0),
	('VDYPKZRX',0),
	('VESVMCBW',0),
	('VFVTWWTX',0),
	('VIRXLWGT',0),
	('VKETNOVI',0),
	('VKWKGEJV',0),
	('VMCIVELW',0),
	('VNVZRYON',0),
	('VOBEIRMT',0),
	('VOCMJBUS',0),
	('VOMSSNUH',0),
	('VPBMVSXD',0),
	('VPIJXBWS',0),
	('VQFNSMDV',0),
	('VSAXXEMI',0),
	('VSGQGJHT',0),
	('VSJRLDMG',0),
	('VTOEREKI',0),
	('VUVTPSJJ',0),
	('VXLIMWHI',0),
	('VXRBBOVU',0),
	('VYOTHQMC',0),
	('VZTJPMRD',0),
	('WAXEWIJW',0),
	('WDDXGRLQ',0),
	('WFGRWSST',0),
	('WGHPPOHK',0),
	('WHFEKTEZ',0),
	('WHHFCERQ',0),
	('WHOPWCDA',0),
	('WKUYQMVR',0),
	('WLUNXKSP',0),
	('WNBIFJGS',0),
	('WNCGWZNO',0),
	('WOJRLRSN',0),
	('WPFGVWID',0),
	('WRGRCLML',0),
	('WRYYQGSU',0),
	('WSEGJCUS',0),
	('WSZLAHZD',0),
	('WVCRZAPN',0),
	('WVNRHDST',0),
	('WXEAHIEP',0),
	('WXVHNDLJ',0),
	('WYJDUKMK',0),
	('WYZAMUYT',0),
	('WZBIQMMU',0),
	('WZULDGOP',0),
	('WZWUIHFU',0),
	('XADGLZEE',0),
	('XAGLCWUQ',0),
	('XANXMQJV',0),
	('XAXWSJWB',0),
	('XDZFJPJS',0),
	('XEKFGTLK',0),
	('XELIJUGZ',0),
	('XFDCGGUT',0),
	('XHEOGCME',0),
	('XHLUPXFJ',0),
	('XIDAGIHN',0),
	('XKLLPZNJ',0),
	('XLVUBSGL',0),
	('XMQHLKSW',0),
	('XMSPWTIT',0),
	('XNCDLYKA',0),
	('XNEVOJOB',0),
	('XOGRBAVT',0),
	('XOPKSBSM',0),
	('XPDACUHP',0),
	('XPLVWYGT',0),
	('XQDSVONL',0),
	('XQMEQTXX',0),
	('XRBMFRGF',0),
	('XRYKALTX',0),
	('XSAECTDX',0),
	('XVFTWQYB',0),
	('XWNRSOAG',0),
	('XYLNABUB',0),
	('XZLETIFH',0),
	('XZQONEQO',0),
	('XZRXMBDQ',0),
	('YCAYFWUY',0),
	('YCQLDUFR',0),
	('YFGHGOZZ',0),
	('YIXUOVHP',0),
	('YJWNKXSP',0),
	('YKYZRMAZ',0),
	('YLFJMAXR',0),
	('YLQEYRRI',0),
	('YMBRBLGY',0),
	('YMIBKXDI',0),
	('YMQPIZUI',0),
	('YNUEOTSD',0),
	('YOCPFVEK',0),
	('YOEWYYOJ',0),
	('YXDLXBIV',0),
	('YXVMSHDL',0),
	('YYZBPJCV',0),
	('YZYLZAFS',0),
	('ZBCUZLBR',0),
	('ZDUIEPSB',0),
	('ZFHWCZHZ',0),
	('ZFSABVBR',0),
	('ZGVGSFDA',0),
	('ZGYZWJSX',0),
	('ZHYDQQDP',0),
	('ZIAUCGZW',0),
	('ZILTXDNL',0),
	('ZIXAMRGD',0),
	('ZJWIICFV',0),
	('ZKHBQGON',0),
	('ZKSKIFJX',0),
	('ZLRJBVTP',0),
	('ZMWRNLMT',0),
	('ZMXHYJYI',0),
	('ZQYWSZDR',0),
	('ZRXJDPMV',0),
	('ZSPYOJMP',0),
	('ZTNZBAWT',0),
	('ZUEGVUNY',0),
	('ZUVPJPAR',0),
	('ZWKUWZVI',0),
	('ZWMDCICB',0),
	('ZWMRMWMY',0),
	('ZWWYIUKW',0),
	('ZXVLKXIL',0),
	('ZZMNWUML',0),
	('ZZXLWPAJ',0),
	('ZZXQQCYV',0);

/*!40000 ALTER TABLE `reg_key` ENABLE KEYS */;
UNLOCK TABLES;


# Dump of table scores
# ------------------------------------------------------------

DROP TABLE IF EXISTS `scores`;

CREATE TABLE `scores` (
  `id` int(11) unsigned NOT NULL AUTO_INCREMENT,
  `cid` int(11) unsigned NOT NULL,
  `round` int(11) unsigned NOT NULL,
  `judge` int(11) unsigned NOT NULL,
  `score` int(11) unsigned NOT NULL,
  PRIMARY KEY (`id`)
) ENGINE=InnoDB DEFAULT CHARSET=utf8;



# Dump of table single_vote
# ------------------------------------------------------------

DROP TABLE IF EXISTS `single_vote`;

CREATE TABLE `single_vote` (
  `c_id` int(11) unsigned NOT NULL AUTO_INCREMENT,
  `score` int(11) unsigned NOT NULL,
  `votes` int(11) unsigned NOT NULL,
  `c_name` varchar(20) NOT NULL DEFAULT '',
  PRIMARY KEY (`c_id`)
) ENGINE=InnoDB DEFAULT CHARSET=utf8;



# Dump of table timed_duel
# ------------------------------------------------------------

DROP TABLE IF EXISTS `timed_duel`;

CREATE TABLE `timed_duel` (
  `round_id` int(11) unsigned NOT NULL AUTO_INCREMENT,
  `cids` text NOT NULL,
  `timer` int(11) unsigned NOT NULL DEFAULT '60',
  PRIMARY KEY (`round_id`)
) ENGINE=InnoDB DEFAULT CHARSET=utf8;

LOCK TABLES `timed_duel` WRITE;
/*!40000 ALTER TABLE `timed_duel` DISABLE KEYS */;

INSERT INTO `timed_duel` (`round_id`, `cids`, `timer`)
VALUES
	(1,'4 8',60),
	(2,'5 17',60),
	(3,'3 13',60),
	(4,'11 18',60),
	(5,'3 5 8 18',60),
	(6,'4 11 17',60);

/*!40000 ALTER TABLE `timed_duel` ENABLE KEYS */;
UNLOCK TABLES;


# Dump of table timed_duel_result
# ------------------------------------------------------------

DROP TABLE IF EXISTS `timed_duel_result`;

CREATE TABLE `timed_duel_result` (
  `c_id` int(11) unsigned NOT NULL,
  `round_id` int(11) unsigned NOT NULL,
  `score` int(11) unsigned NOT NULL,
  `votes` int(11) unsigned NOT NULL,
  PRIMARY KEY (`c_id`,`round_id`)
) ENGINE=InnoDB DEFAULT CHARSET=utf8;



# Dump of table voters
# ------------------------------------------------------------

DROP TABLE IF EXISTS `voters`;

CREATE TABLE `voters` (
  `phone_number` varchar(15) NOT NULL DEFAULT '',
  `reg_key` char(8) NOT NULL DEFAULT '',
  PRIMARY KEY (`phone_number`),
  UNIQUE KEY `key` (`reg_key`),
  UNIQUE KEY `phone_number` (`phone_number`),
  CONSTRAINT `KeyValidation` FOREIGN KEY (`reg_key`) REFERENCES `reg_key` (`reg_key`)
) ENGINE=InnoDB DEFAULT CHARSET=utf8;

LOCK TABLES `voters` WRITE;
/*!40000 ALTER TABLE `voters` DISABLE KEYS */;

INSERT INTO `voters` (`phone_number`, `reg_key`)
VALUES
	('15195008021','AAHSUWIN'),
	('12267504088','AAZSCFSR'),
	('15198078152','ABCDEFGH'),
	('16478366592','ABZTSZCM'),
	('12269720603','ANJXZBHH'),
	('16478281383','AOIYTLOZ'),
	('12269782982','ARQUJWNO'),
	('15197290397','ARQYYVLS'),
	('12269787895','AWBBQKJQ'),
	('15198972678','AXJHYDOT'),
	('15197813192','AZFLXMRT'),
	('15197813207','BBMUFHOZ'),
	('14168876360','BBYPGWEK'),
	('12269296257','BCDEFGHI'),
	('12267916678','BDSOJFHZ'),
	('15195904154','BELOFYCV'),
	('15197292693','BGLOJCUV'),
	('15197215524','BGUZSQKX'),
	('15199987398','BHEHBCIA'),
	('12269786496','BIPOYIBA'),
	('12269786238','BJFIMZJH'),
	('12269898350','BMLNIOPJ'),
	('15197292815','BNEIQFJL'),
	('16476482856','BPBMQDUV'),
	('15195755998','BUFDDAKO'),
	('16478360710','BXKRJPPD'),
	('15197227230','BYRPMYYB'),
	('12269344625','CCBMIIHK'),
	('15195735546','CCLHYEOB'),
	('12269724868','CDEFGHIJ'),
	('15197227667','CHCCCHQC'),
	('15197215345','CIPOALUK'),
	('14163472596','CISFDKOM'),
	('15197813594','CKEOAORA'),
	('14165876855','CNSVASQD'),
	('16479887302','CREATODB'),
	('12269343539','CSCUBCBK'),
	('16479843199','CTVQHTJD'),
	('16478879225','CYPYIIYQ'),
	('15197298876','DEHWKEMQ'),
	('16475460383','DJBCVOQV'),
	('15197818655','DPWCDJNX'),
	('19057816176','DRXJZIKW'),
	('15197811942','EEEPRITM'),
	('12264500888','EGNZRKOP'),
	('12269881899','EGTBKHZG'),
	('15197227298','EHOODGIZ'),
	('15195032211','EJBNFRUY'),
	('16479853199','EKWUJVIX'),
	('12269786799','EQODWSRC'),
	('16479978011','ESFVZPNN'),
	('16478669794','FEZUDUEW'),
	('16478610100','FFELACNP'),
	('16479929218','FGUSHTGY'),
	('12269787734','FHVLJNHV'),
	('15197290193','FISKWVVY'),
	('16478942129','FJZXJKIQ'),
	('15197214857','FPFPLCEO'),
	('15195001879','FRCHEMDG'),
	('16475019775','FTXWKJTE'),
	('12269298018','FUSAUWPF'),
	('15195888475','FZGKUEYL'),
	('15195001838','FZZJXXZO'),
	('12266068063','GFTSDHOI'),
	('16479739600','GFXVOKFG'),
	('12262209938','GGMXNUGL'),
	('16479362664','GIACSLOS'),
	('12269782531','HDDJWPQD'),
	('12269783618','HEEFIDSN'),
	('19053304608','HJHIYEOJ'),
	('12269786441','HLGNUJOS'),
	('15197817070','HNBHSTWL'),
	('15195739666','HOGCAZJH'),
	('12269894960','HTHRRRLD'),
	('15197813201','HUQYJPUA'),
	('12266666659','HZTERTCX'),
	('17789222633','ICDGOESV'),
	('16478645606','ICQSHYRO'),
	('16479781271','IDTTRFBY'),
	('12269723311','IEVTYCVM'),
	('12268080699','IFSSAJMG'),
	('19056166908','IHFTGISR'),
	('15197812189','IHHMGOVR'),
	('14169172664','IHXCUZIP'),
	('12269896288','IIZMREAA'),
	('15196163699','ISBXYOFF'),
	('16477634749','ISOYGNGB'),
	('12262205886','ITNFWLHR'),
	('16478321285','IUNUXRLU'),
	('14168243604','IVACDJYY'),
	('14165601488','IVUZONMX'),
	('12266007521','IWIWWBAJ'),
	('12263391177','IZKWRHCW'),
	('15197812395','JAOLGJJI'),
	('16479819818','JERZWHLA'),
	('15197226601','JGLKBSTW'),
	('15197299636','JHLHPAYY'),
	('16472329478','JHTXPWFQ'),
	('15197813809','JIVIDSOR'),
	('12267501799','JJMJXFMG'),
	('12269883668','JKJMJZLZ'),
	('15197296834','JPYYGROQ'),
	('15197812354','JQOMGEDB'),
	('15197816556','JQTFXKTE'),
	('15197217608','JQVIEUQU'),
	('15195887388','JTGXKZZY'),
	('16476778548','JTPLJYRX'),
	('12269786743','JUPTPHAF'),
	('15197812689','JVKSMZBD'),
	('8613902453752','JXUMBLLA'),
	('14168050215','JYIAOHFG'),
	('12269725967','KBUCRQKL'),
	('16472021888','KFEANDLK'),
	('12269786502','KHFBZTZL'),
	('12262209864','KIEMFWXR'),
	('15197298323','KIFUVZLT'),
	('15197815882','KJHPYBDN'),
	('12899526527','KJJOCDVT'),
	('15197227791','KKDLFAVT'),
	('15195779503','KMKXESZU'),
	('15196350218','KUXQNNOP'),
	('12269787358','LCSPZEAA'),
	('15197812879','LDAULGUW'),
	('16478300693','LERAQCSI'),
	('15197293624','LFKNEYCZ'),
	('13433332084','LJVNLWQJ'),
	('15195916823','LJYUFEIK'),
	('12263398877','LRLJJUYW'),
	('14168386622','LSDLPSWK'),
	('12269783007','LUXOJXIG'),
	('12269884259','LWXGXRMC'),
	('12266063089','LZAGNWSF'),
	('12268089008','LZKZJPCD'),
	('15197743506','MEJFIPCZ'),
	('14165432343','MFZZEULK'),
	('15195006228','MHKSZIBO'),
	('15195023228','MHRNISSS'),
	('12269781021','MJDTNTOQ'),
	('15197811650','MKZRGZIE'),
	('16475286712','MLAIQTTE'),
	('15197228964','MLHRRMOP'),
	('16479196900','MLWXRGQL'),
	('16475017181','MNRBVRZT'),
	('12269786522','MPCCXQFW'),
	('15199983545','MPTUFDHD'),
	('19059626250','MPVPDJIN'),
	('15197816433','MTLSNSZT'),
	('12269780108','MWYSBAIF'),
	('14167701399','MXIYDNEA'),
	('16479364113','MZWOVCOP'),
	('12269883266','NBUVYDKD'),
	('12263391808','NDGNNXYD'),
	('12269787766','NEOPXHVG'),
	('12269292598','NFAGBKFW'),
	('15197295532','NFWBMWUP'),
	('12269884434','NFXGWNIW'),
	('15195009259','NHYBUMUX'),
	('12268080435','NKLRVXQR'),
	('17789289520','NLZQYLZR'),
	('12267508026','NNQLJHTL'),
	('15195901299','NPEPQPFJ'),
	('16479738821','NSCQHAZJ'),
	('16477852630','NSEWHWYL'),
	('15197819173','NUQCGIFT'),
	('15195912918','NWSCYMMC'),
	('12269786632','NXBRPCRW'),
	('12262208597','NXVIPVUR'),
	('16477199118','NYJRHTSP'),
	('15197818386','OAFBKOKB'),
	('16479192608','OBFLLAGR'),
	('19059232086','OCXUMXZR'),
	('14168937776','OEYCMRJK'),
	('12266063686','OFJNDASB'),
	('12896810142','OGJSRCYY'),
	('15195052709','OJLNFFNV'),
	('15197213206','OMEAJUSM'),
	('12269726792','OMJCDLBQ'),
	('12268089734','ONEEXWVW'),
	('16475456313','OPQOHXPJ'),
	('15197812852','ORIODLOA'),
	('12266066868','ORKGYXIB'),
	('12896006988','OTBQYFSX'),
	('19059233537','OTNWCHAM'),
	('15198806891','OUDJNKGN');

/*!40000 ALTER TABLE `voters` ENABLE KEYS */;
UNLOCK TABLES;


# Dump of table votes
# ------------------------------------------------------------

DROP TABLE IF EXISTS `votes`;

CREATE TABLE `votes` (
  `round` int(11) NOT NULL,
  `cid` int(11) NOT NULL,
  `voter` varchar(15) NOT NULL DEFAULT '',
  `timestamp` timestamp NOT NULL DEFAULT CURRENT_TIMESTAMP ON UPDATE CURRENT_TIMESTAMP,
  PRIMARY KEY (`round`,`voter`),
  KEY `VoterValidation` (`voter`),
  CONSTRAINT `VoterValidation` FOREIGN KEY (`voter`) REFERENCES `voters` (`phone_number`)
) ENGINE=InnoDB DEFAULT CHARSET=utf8;

LOCK TABLES `votes` WRITE;
/*!40000 ALTER TABLE `votes` DISABLE KEYS */;

INSERT INTO `votes` (`round`, `cid`, `voter`, `timestamp`)
VALUES
	(1,8,'12262209938','2015-11-30 00:21:29'),
	(1,4,'12263391177','2015-11-30 00:21:04'),
	(1,8,'12263391808','2015-11-30 00:20:56'),
	(1,4,'12263398877','2015-11-30 00:21:22'),
	(1,4,'12264500888','2015-11-30 00:21:34'),
	(1,4,'12266007521','2015-11-30 00:21:45'),
	(1,4,'12266063686','2015-11-30 00:21:30'),
	(1,8,'12266066868','2015-11-30 00:21:03'),
	(1,8,'12266068063','2015-11-30 00:21:23'),
	(1,4,'12267501799','2015-11-30 00:20:58'),
	(1,4,'12267916678','2015-11-30 00:21:16'),
	(1,4,'12268080435','2015-11-30 00:20:57'),
	(1,4,'12268089734','2015-11-30 00:21:10'),
	(1,8,'12269292598','2015-11-30 00:21:11'),
	(1,4,'12269298018','2015-11-30 00:21:05'),
	(1,8,'12269343539','2015-11-30 00:21:01'),
	(1,8,'12269344625','2015-11-30 00:20:59'),
	(1,4,'12269720603','2015-11-30 00:21:12'),
	(1,4,'12269723311','2015-11-30 00:21:02'),
	(1,8,'12269725967','2015-11-30 00:21:08'),
	(1,4,'12269726792','2015-11-30 00:20:56'),
	(1,4,'12269781021','2015-11-30 00:21:02'),
	(1,4,'12269783618','2015-11-30 00:21:19'),
	(1,4,'12269786238','2015-11-30 00:21:09'),
	(1,4,'12269786441','2015-11-30 00:21:50'),
	(1,4,'12269786496','2015-11-30 00:21:39'),
	(1,4,'12269786502','2015-11-30 00:21:26'),
	(1,8,'12269786522','2015-11-30 00:21:31'),
	(1,8,'12269786632','2015-11-30 00:21:01'),
	(1,8,'12269787358','2015-11-30 00:21:08'),
	(1,4,'12269787734','2015-11-30 00:21:16'),
	(1,4,'12269787895','2015-11-30 00:20:55'),
	(1,4,'12269881899','2015-11-30 00:21:27'),
	(1,4,'12269884259','2015-11-30 00:21:18'),
	(1,8,'12269884434','2015-11-30 00:21:14'),
	(1,4,'12269894960','2015-11-30 00:21:29'),
	(1,4,'12269896288','2015-11-30 00:21:25'),
	(1,4,'12269898350','2015-11-30 00:21:06'),
	(1,4,'13433332084','2015-11-30 00:21:21'),
	(1,4,'14163472596','2015-11-30 00:20:59'),
	(1,4,'14165876855','2015-11-30 00:21:17'),
	(1,8,'14167701399','2015-11-30 00:21:41'),
	(1,4,'14168050215','2015-11-30 00:21:36'),
	(1,4,'14168243604','2015-11-30 00:20:59'),
	(1,4,'14169172664','2015-11-30 00:21:32'),
	(1,4,'15195006228','2015-11-30 00:21:02'),
	(1,4,'15195009259','2015-11-30 00:20:56'),
	(1,8,'15195023228','2015-11-30 00:21:30'),
	(1,8,'15195032211','2015-11-30 00:21:28'),
	(1,8,'15195052709','2015-11-30 00:21:12'),
	(1,8,'15195735546','2015-11-30 00:21:19'),
	(1,4,'15195739666','2015-11-30 00:21:30'),
	(1,4,'15195755998','2015-11-30 00:20:58'),
	(1,4,'15195779503','2015-11-30 00:20:57'),
	(1,4,'15195887388','2015-11-30 00:21:43'),
	(1,4,'15195888475','2015-11-30 00:21:06'),
	(1,4,'15195901299','2015-11-30 00:21:15'),
	(1,4,'15195904154','2015-11-30 00:21:29'),
	(1,4,'15195912918','2015-11-30 00:21:19'),
	(1,8,'15195916823','2015-11-30 00:21:20'),
	(1,8,'15196163699','2015-11-30 00:21:12'),
	(1,8,'15196350218','2015-11-30 00:21:21'),
	(1,4,'15197213206','2015-11-30 00:21:13'),
	(1,4,'15197217608','2015-11-30 00:20:56'),
	(1,8,'15197226601','2015-11-30 00:21:28'),
	(1,4,'15197228964','2015-11-30 00:21:02'),
	(1,4,'15197290193','2015-11-30 00:21:04'),
	(1,4,'15197292693','2015-11-30 00:21:07'),
	(1,8,'15197296834','2015-11-30 00:20:57'),
	(1,8,'15197298323','2015-11-30 00:21:26'),
	(1,8,'15197298876','2015-11-30 00:21:18'),
	(1,4,'15197743506','2015-11-30 00:21:01'),
	(1,4,'15197812354','2015-11-30 00:21:09'),
	(1,4,'15197812395','2015-11-30 00:21:25'),
	(1,4,'15197812689','2015-11-30 00:21:20'),
	(1,4,'15197812852','2015-11-30 00:21:23'),
	(1,4,'15197812879','2015-11-30 00:21:00'),
	(1,4,'15197813192','2015-11-30 00:20:57'),
	(1,4,'15197813201','2015-11-30 00:21:19'),
	(1,4,'15197813207','2015-11-30 00:21:07'),
	(1,4,'15197816556','2015-11-30 00:21:24'),
	(1,4,'15197817070','2015-11-30 00:21:03'),
	(1,8,'15198806891','2015-11-30 00:21:18'),
	(1,4,'15199983545','2015-11-30 00:21:10'),
	(1,4,'15199987398','2015-11-30 00:21:09'),
	(1,8,'16472021888','2015-11-30 00:20:55'),
	(1,4,'16472329478','2015-11-30 00:21:14'),
	(1,4,'16475017181','2015-11-30 00:21:06'),
	(1,4,'16475286712','2015-11-30 00:21:27'),
	(1,8,'16475456313','2015-11-30 00:21:00'),
	(1,4,'16475460383','2015-11-30 00:21:00'),
	(1,4,'16477634749','2015-11-30 00:21:33'),
	(1,4,'16478321285','2015-11-30 00:21:08'),
	(1,8,'16478360710','2015-11-30 00:20:59'),
	(1,4,'16478366592','2015-11-30 00:21:07'),
	(1,4,'16478610100','2015-11-30 00:21:03'),
	(1,4,'16478645606','2015-11-30 00:21:05'),
	(1,4,'16478942129','2015-11-30 00:21:00'),
	(1,8,'16479196900','2015-11-30 00:21:35'),
	(1,8,'16479781271','2015-11-30 00:21:25'),
	(1,8,'16479843199','2015-11-30 00:21:31'),
	(1,8,'16479853199','2015-11-30 00:21:35'),
	(1,4,'16479929218','2015-11-30 00:21:05'),
	(1,4,'17789222633','2015-11-30 00:21:08'),
	(1,4,'19056166908','2015-11-30 00:21:15'),
	(1,4,'19059233537','2015-11-30 00:20:58'),
	(2,17,'12262205886','2015-11-30 00:32:19'),
	(2,5,'12262208597','2015-11-30 00:32:00'),
	(2,17,'12262209938','2015-11-30 00:32:08'),
	(2,17,'12263391808','2015-11-30 00:32:20'),
	(2,17,'12263398877','2015-11-30 00:32:11'),
	(2,17,'12266007521','2015-11-30 00:32:05'),
	(2,17,'12266063089','2015-11-30 00:32:13'),
	(2,5,'12266063686','2015-11-30 00:32:22'),
	(2,5,'12266066868','2015-11-30 00:32:09'),
	(2,5,'12266068063','2015-11-30 00:31:58'),
	(2,17,'12266666659','2015-11-30 00:31:47'),
	(2,17,'12267501799','2015-11-30 00:32:04'),
	(2,17,'12267504088','2015-11-30 00:31:59'),
	(2,5,'12267916678','2015-11-30 00:31:51'),
	(2,17,'12268080435','2015-11-30 00:31:50'),
	(2,17,'12268089008','2015-11-30 00:31:56'),
	(2,5,'12268089734','2015-11-30 00:31:57'),
	(2,17,'12269292598','2015-11-30 00:32:23'),
	(2,5,'12269343539','2015-11-30 00:32:10'),
	(2,17,'12269344625','2015-11-30 00:32:00'),
	(2,17,'12269720603','2015-11-30 00:32:09'),
	(2,17,'12269723311','2015-11-30 00:32:09'),
	(2,5,'12269724868','2015-11-30 00:31:50'),
	(2,17,'12269725967','2015-11-30 00:31:54'),
	(2,17,'12269726792','2015-11-30 00:31:55'),
	(2,17,'12269781021','2015-11-30 00:32:07'),
	(2,17,'12269782531','2015-11-30 00:31:57'),
	(2,17,'12269786238','2015-11-30 00:31:52'),
	(2,17,'12269786441','2015-11-30 00:31:49'),
	(2,5,'12269786496','2015-11-30 00:31:48'),
	(2,5,'12269786522','2015-11-30 00:31:53'),
	(2,17,'12269786632','2015-11-30 00:32:14'),
	(2,17,'12269786743','2015-11-30 00:32:04'),
	(2,17,'12269787358','2015-11-30 00:31:48'),
	(2,17,'12269787734','2015-11-30 00:32:01'),
	(2,5,'12269787766','2015-11-30 00:32:30'),
	(2,5,'12269787895','2015-11-30 00:32:05'),
	(2,17,'12269881899','2015-11-30 00:32:05'),
	(2,17,'12269883266','2015-11-30 00:31:59'),
	(2,17,'12269884259','2015-11-30 00:32:16'),
	(2,17,'12269884434','2015-11-30 00:31:58'),
	(2,17,'12269894960','2015-11-30 00:32:08'),
	(2,17,'12269896288','2015-11-30 00:32:15'),
	(2,5,'12899526527','2015-11-30 00:32:01'),
	(2,5,'13433332084','2015-11-30 00:32:18'),
	(2,5,'14163472596','2015-11-30 00:32:04'),
	(2,5,'14165432343','2015-11-30 00:32:31'),
	(2,5,'14165601488','2015-11-30 00:31:56'),
	(2,5,'14165876855','2015-11-30 00:32:26'),
	(2,17,'14168050215','2015-11-30 00:32:03'),
	(2,5,'14168243604','2015-11-30 00:32:20'),
	(2,5,'14168386622','2015-11-30 00:32:15'),
	(2,17,'14168876360','2015-11-30 00:32:20'),
	(2,17,'14168937776','2015-11-30 00:32:10'),
	(2,17,'15195001838','2015-11-30 00:32:00'),
	(2,17,'15195006228','2015-11-30 00:32:22'),
	(2,17,'15195008021','2015-11-30 00:32:21'),
	(2,5,'15195009259','2015-11-30 00:31:57'),
	(2,17,'15195023228','2015-11-30 00:32:03'),
	(2,17,'15195032211','2015-11-30 00:32:18'),
	(2,17,'15195735546','2015-11-30 00:32:07'),
	(2,17,'15195739666','2015-11-30 00:32:12'),
	(2,5,'15195755998','2015-11-30 00:32:16'),
	(2,17,'15195779503','2015-11-30 00:32:14'),
	(2,5,'15195887388','2015-11-30 00:31:53'),
	(2,17,'15195888475','2015-11-30 00:31:52'),
	(2,17,'15195901299','2015-11-30 00:31:50'),
	(2,17,'15195904154','2015-11-30 00:32:10'),
	(2,17,'15195912918','2015-11-30 00:32:02'),
	(2,17,'15195916823','2015-11-30 00:31:55'),
	(2,5,'15196163699','2015-11-30 00:31:48'),
	(2,17,'15197214857','2015-11-30 00:32:08'),
	(2,17,'15197215345','2015-11-30 00:32:27'),
	(2,17,'15197217608','2015-11-30 00:31:51'),
	(2,17,'15197226601','2015-11-30 00:32:21'),
	(2,5,'15197227298','2015-11-30 00:31:52'),
	(2,17,'15197227667','2015-11-30 00:31:49'),
	(2,5,'15197227791','2015-11-30 00:32:07'),
	(2,17,'15197228964','2015-11-30 00:32:00'),
	(2,17,'15197290193','2015-11-30 00:32:10'),
	(2,17,'15197292693','2015-11-30 00:31:58'),
	(2,17,'15197292815','2015-11-30 00:31:49'),
	(2,17,'15197293624','2015-11-30 00:32:30'),
	(2,5,'15197298876','2015-11-30 00:32:02'),
	(2,5,'15197299636','2015-11-30 00:32:02'),
	(2,17,'15197743506','2015-11-30 00:32:19'),
	(2,17,'15197811650','2015-11-30 00:31:59'),
	(2,5,'15197812189','2015-11-30 00:32:29'),
	(2,5,'15197812354','2015-11-30 00:31:56'),
	(2,5,'15197812395','2015-11-30 00:31:54'),
	(2,17,'15197812689','2015-11-30 00:32:01'),
	(2,5,'15197812879','2015-11-30 00:31:51'),
	(2,5,'15197813192','2015-11-30 00:32:08'),
	(2,17,'15197813201','2015-11-30 00:31:54'),
	(2,17,'15197813207','2015-11-30 00:31:58'),
	(2,17,'15197813594','2015-11-30 00:32:22'),
	(2,17,'15197813809','2015-11-30 00:31:48'),
	(2,5,'15197815882','2015-11-30 00:31:51'),
	(2,17,'15197816433','2015-11-30 00:32:13'),
	(2,5,'15197816556','2015-11-30 00:32:06'),
	(2,17,'15197817070','2015-11-30 00:32:25'),
	(2,5,'15197818386','2015-11-30 00:32:27'),
	(2,17,'15198806891','2015-11-30 00:32:06'),
	(2,5,'15198972678','2015-11-30 00:32:04'),
	(2,5,'15199983545','2015-11-30 00:32:06'),
	(2,5,'15199987398','2015-11-30 00:32:11'),
	(2,17,'16472021888','2015-11-30 00:31:47'),
	(2,5,'16472329478','2015-11-30 00:32:06'),
	(2,17,'16475017181','2015-11-30 00:32:03'),
	(2,17,'16475286712','2015-11-30 00:32:26'),
	(2,5,'16475456313','2015-11-30 00:31:56'),
	(2,17,'16476482856','2015-11-30 00:32:28'),
	(2,17,'16476778548','2015-11-30 00:31:57'),
	(2,17,'16477199118','2015-11-30 00:32:02'),
	(2,5,'16477634749','2015-11-30 00:32:12'),
	(2,17,'16478300693','2015-11-30 00:32:23'),
	(2,17,'16478321285','2015-11-30 00:31:50'),
	(2,17,'16478366592','2015-11-30 00:31:52'),
	(2,17,'16478645606','2015-11-30 00:32:03'),
	(2,17,'16479192608','2015-11-30 00:31:53'),
	(2,5,'16479364113','2015-11-30 00:31:59'),
	(2,17,'16479781271','2015-11-30 00:31:54'),
	(2,5,'16479819818','2015-11-30 00:31:49'),
	(2,17,'16479843199','2015-11-30 00:31:47'),
	(2,17,'16479929218','2015-11-30 00:32:13'),
	(2,17,'16479978011','2015-11-30 00:31:47'),
	(2,5,'17789222633','2015-11-30 00:32:17'),
	(2,5,'17789289520','2015-11-30 00:32:01'),
	(2,17,'19056166908','2015-11-30 00:32:28'),
	(2,5,'19059233537','2015-11-30 00:32:07'),
	(2,17,'19059626250','2015-11-30 00:32:17'),
	(3,3,'12262208597','2015-11-30 00:44:15'),
	(3,3,'12262209864','2015-11-30 00:44:22'),
	(3,13,'12262209938','2015-11-30 00:44:19'),
	(3,13,'12263391177','2015-11-30 00:44:11'),
	(3,3,'12263391808','2015-11-30 00:44:01'),
	(3,3,'12263398877','2015-11-30 00:44:32'),
	(3,3,'12266007521','2015-11-30 00:44:09'),
	(3,13,'12266063089','2015-11-30 00:44:35'),
	(3,3,'12266063686','2015-11-30 00:44:20'),
	(3,3,'12266066868','2015-11-30 00:44:06'),
	(3,13,'12266068063','2015-11-30 00:44:04'),
	(3,13,'12266666659','2015-11-30 00:44:15'),
	(3,3,'12267504088','2015-11-30 00:44:36'),
	(3,13,'12267508026','2015-11-30 00:44:17'),
	(3,3,'12267916678','2015-11-30 00:44:39'),
	(3,13,'12268080435','2015-11-30 00:44:01'),
	(3,13,'12268089008','2015-11-30 00:43:57'),
	(3,13,'12268089734','2015-11-30 00:44:11'),
	(3,13,'12269292598','2015-11-30 00:44:05'),
	(3,13,'12269343539','2015-11-30 00:44:04'),
	(3,3,'12269344625','2015-11-30 00:44:02'),
	(3,13,'12269720603','2015-11-30 00:43:58'),
	(3,13,'12269723311','2015-11-30 00:44:39'),
	(3,13,'12269724868','2015-11-30 00:44:05'),
	(3,13,'12269726792','2015-11-30 00:43:56'),
	(3,3,'12269780108','2015-11-30 00:44:35'),
	(3,3,'12269781021','2015-11-30 00:44:25'),
	(3,3,'12269782531','2015-11-30 00:44:14'),
	(3,3,'12269782982','2015-11-30 00:44:12'),
	(3,13,'12269783007','2015-11-30 00:44:38'),
	(3,13,'12269786238','2015-11-30 00:44:08'),
	(3,3,'12269786441','2015-11-30 00:44:37'),
	(3,13,'12269786496','2015-11-30 00:44:17'),
	(3,13,'12269786522','2015-11-30 00:43:59'),
	(3,13,'12269786632','2015-11-30 00:44:13'),
	(3,3,'12269786743','2015-11-30 00:44:16'),
	(3,3,'12269786799','2015-11-30 00:44:23'),
	(3,13,'12269787358','2015-11-30 00:44:06'),
	(3,13,'12269787734','2015-11-30 00:44:10'),
	(3,13,'12269787766','2015-11-30 00:44:24'),
	(3,13,'12269787895','2015-11-30 00:44:18'),
	(3,13,'12269881899','2015-11-30 00:44:21'),
	(3,3,'12269884259','2015-11-30 00:44:11'),
	(3,13,'12269884434','2015-11-30 00:44:07'),
	(3,13,'12269894960','2015-11-30 00:44:14'),
	(3,13,'12269898350','2015-11-30 00:44:29'),
	(3,13,'12899526527','2015-11-30 00:44:37'),
	(3,13,'13433332084','2015-11-30 00:44:28'),
	(3,13,'14163472596','2015-11-30 00:44:08'),
	(3,13,'14165432343','2015-11-30 00:44:03'),
	(3,3,'14165601488','2015-11-30 00:44:22'),
	(3,13,'14165876855','2015-11-30 00:44:19'),
	(3,3,'14168050215','2015-11-30 00:44:30'),
	(3,13,'14168243604','2015-11-30 00:44:07'),
	(3,3,'14168386622','2015-11-30 00:44:05'),
	(3,3,'14168876360','2015-11-30 00:43:59'),
	(3,13,'15195001838','2015-11-30 00:43:58'),
	(3,13,'15195006228','2015-11-30 00:44:16'),
	(3,3,'15195008021','2015-11-30 00:44:17'),
	(3,3,'15195009259','2015-11-30 00:44:10'),
	(3,3,'15195023228','2015-11-30 00:44:25'),
	(3,3,'15195032211','2015-11-30 00:44:24'),
	(3,13,'15195052709','2015-11-30 00:44:08'),
	(3,13,'15195735546','2015-11-30 00:44:27'),
	(3,13,'15195739666','2015-11-30 00:44:07'),
	(3,13,'15195755998','2015-11-30 00:44:07'),
	(3,13,'15195779503','2015-11-30 00:43:58'),
	(3,13,'15195887388','2015-11-30 00:44:26'),
	(3,13,'15195888475','2015-11-30 00:44:33'),
	(3,3,'15195901299','2015-11-30 00:44:08'),
	(3,13,'15195904154','2015-11-30 00:44:10'),
	(3,13,'15195912918','2015-11-30 00:44:34'),
	(3,13,'15195916823','2015-11-30 00:43:57'),
	(3,13,'15197214857','2015-11-30 00:44:06'),
	(3,3,'15197215345','2015-11-30 00:44:40'),
	(3,13,'15197215524','2015-11-30 00:44:28'),
	(3,13,'15197217608','2015-11-30 00:44:22'),
	(3,13,'15197226601','2015-11-30 00:44:09'),
	(3,13,'15197227667','2015-11-30 00:43:57'),
	(3,3,'15197227791','2015-11-30 00:44:30'),
	(3,13,'15197228964','2015-11-30 00:44:05'),
	(3,13,'15197290193','2015-11-30 00:44:41'),
	(3,13,'15197290397','2015-11-30 00:43:58'),
	(3,13,'15197292693','2015-11-30 00:44:14'),
	(3,13,'15197292815','2015-11-30 00:44:20'),
	(3,13,'15197293624','2015-11-30 00:44:00'),
	(3,13,'15197296834','2015-11-30 00:44:03'),
	(3,3,'15197298323','2015-11-30 00:44:51'),
	(3,13,'15197298876','2015-11-30 00:44:12'),
	(3,3,'15197299636','2015-11-30 00:44:13'),
	(3,3,'15197743506','2015-11-30 00:44:41'),
	(3,3,'15197811650','2015-11-30 00:44:04'),
	(3,13,'15197812395','2015-11-30 00:44:23'),
	(3,13,'15197812689','2015-11-30 00:43:59'),
	(3,3,'15197812852','2015-11-30 00:44:30'),
	(3,13,'15197812879','2015-11-30 00:44:12'),
	(3,13,'15197813192','2015-11-30 00:44:34'),
	(3,3,'15197813201','2015-11-30 00:43:59'),
	(3,3,'15197813207','2015-11-30 00:44:03'),
	(3,13,'15197813594','2015-11-30 00:44:31'),
	(3,13,'15197813809','2015-11-30 00:44:13'),
	(3,13,'15197815882','2015-11-30 00:44:09'),
	(3,13,'15197816556','2015-11-30 00:44:18'),
	(3,13,'15197817070','2015-11-30 00:44:09'),
	(3,3,'15197818386','2015-11-30 00:44:24'),
	(3,13,'15197818655','2015-11-30 00:44:16'),
	(3,13,'15197819173','2015-11-30 00:44:20'),
	(3,13,'15198806891','2015-11-30 00:44:26'),
	(3,3,'15198972678','2015-11-30 00:44:12'),
	(3,13,'15199987398','2015-11-30 00:44:28'),
	(3,13,'16472021888','2015-11-30 00:44:10'),
	(3,3,'16475017181','2015-11-30 00:44:15'),
	(3,13,'16475286712','2015-11-30 00:44:18'),
	(3,13,'16475460383','2015-11-30 00:44:22'),
	(3,3,'16476482856','2015-11-30 00:43:57'),
	(3,3,'16476778548','2015-11-30 00:44:18'),
	(3,13,'16477634749','2015-11-30 00:44:02'),
	(3,3,'16477852630','2015-11-30 00:44:23'),
	(3,3,'16478300693','2015-11-30 00:44:19'),
	(3,3,'16478321285','2015-11-30 00:44:21'),
	(3,3,'16478366592','2015-11-30 00:44:25'),
	(3,3,'16478645606','2015-11-30 00:44:32'),
	(3,13,'16479192608','2015-11-30 00:44:03'),
	(3,3,'16479196900','2015-11-30 00:44:33'),
	(3,3,'16479364113','2015-11-30 00:44:01'),
	(3,13,'16479738821','2015-11-30 00:44:21'),
	(3,13,'16479781271','2015-11-30 00:44:26'),
	(3,13,'16479819818','2015-11-30 00:44:16'),
	(3,13,'16479843199','2015-11-30 00:44:04'),
	(3,13,'16479853199','2015-11-30 00:44:06'),
	(3,3,'16479929218','2015-11-30 00:44:02'),
	(3,13,'16479978011','2015-11-30 00:44:02'),
	(3,13,'17789222633','2015-11-30 00:44:19'),
	(3,3,'17789289520','2015-11-30 00:44:17'),
	(3,13,'19053304608','2015-11-30 00:44:00'),
	(3,13,'19056166908','2015-11-30 00:44:13'),
	(3,13,'19059232086','2015-11-30 00:44:00'),
	(3,3,'19059233537','2015-11-30 00:44:52'),
	(3,13,'19059626250','2015-11-30 00:44:15'),
	(4,11,'12262208597','2015-11-30 00:55:59'),
	(4,11,'12262209864','2015-11-30 00:56:36'),
	(4,11,'12262209938','2015-11-30 00:55:51'),
	(4,18,'12263391177','2015-11-30 00:55:54'),
	(4,11,'12263391808','2015-11-30 00:56:10'),
	(4,18,'12263398877','2015-11-30 00:56:17'),
	(4,11,'12264500888','2015-11-30 00:55:49'),
	(4,11,'12266007521','2015-11-30 00:56:04'),
	(4,11,'12266063686','2015-11-30 00:56:36'),
	(4,11,'12266066868','2015-11-30 00:56:04'),
	(4,11,'12266068063','2015-11-30 00:56:27'),
	(4,11,'12266666659','2015-11-30 00:56:12'),
	(4,11,'12267501799','2015-11-30 00:55:47'),
	(4,11,'12267504088','2015-11-30 00:56:26'),
	(4,11,'12267508026','2015-11-30 00:56:09'),
	(4,11,'12268080699','2015-11-30 00:56:23'),
	(4,18,'12268089734','2015-11-30 00:56:04'),
	(4,18,'12269343539','2015-11-30 00:56:13'),
	(4,11,'12269724868','2015-11-30 00:55:52'),
	(4,18,'12269725967','2015-11-30 00:56:04'),
	(4,11,'12269726792','2015-11-30 00:55:58'),
	(4,18,'12269780108','2015-11-30 00:56:41'),
	(4,18,'12269781021','2015-11-30 00:56:11'),
	(4,18,'12269782531','2015-11-30 00:55:45'),
	(4,18,'12269782982','2015-11-30 00:55:51'),
	(4,18,'12269783007','2015-11-30 00:56:44'),
	(4,11,'12269786238','2015-11-30 00:55:48'),
	(4,11,'12269786441','2015-11-30 00:55:48'),
	(4,11,'12269786496','2015-11-30 00:56:02'),
	(4,11,'12269786502','2015-11-30 00:56:22'),
	(4,11,'12269786522','2015-11-30 00:55:46'),
	(4,11,'12269786632','2015-11-30 00:55:46'),
	(4,11,'12269786743','2015-11-30 00:56:01'),
	(4,11,'12269786799','2015-11-30 00:55:56'),
	(4,11,'12269787358','2015-11-30 00:56:08'),
	(4,11,'12269787734','2015-11-30 00:55:55'),
	(4,18,'12269787766','2015-11-30 00:55:54'),
	(4,11,'12269787895','2015-11-30 00:55:51'),
	(4,11,'12269881899','2015-11-30 00:55:57'),
	(4,18,'12269883266','2015-11-30 00:56:15'),
	(4,18,'12269883668','2015-11-30 00:56:06'),
	(4,11,'12269884434','2015-11-30 00:56:16'),
	(4,11,'12269894960','2015-11-30 00:56:18'),
	(4,11,'12269896288','2015-11-30 00:55:45'),
	(4,18,'12269898350','2015-11-30 00:56:33'),
	(4,11,'12899526527','2015-11-30 00:56:14'),
	(4,18,'13433332084','2015-11-30 00:55:56'),
	(4,11,'14163472596','2015-11-30 00:56:34'),
	(4,11,'14165432343','2015-11-30 00:56:37'),
	(4,18,'14165876855','2015-11-30 00:55:52'),
	(4,18,'14167701399','2015-11-30 00:56:01'),
	(4,11,'14168050215','2015-11-30 00:56:19'),
	(4,18,'14168243604','2015-11-30 00:56:22'),
	(4,18,'14168386622','2015-11-30 00:56:24'),
	(4,11,'15195001838','2015-11-30 00:55:47'),
	(4,11,'15195006228','2015-11-30 00:56:14'),
	(4,11,'15195008021','2015-11-30 00:56:07'),
	(4,11,'15195023228','2015-11-30 00:55:53'),
	(4,11,'15195032211','2015-11-30 00:56:20'),
	(4,11,'15195052709','2015-11-30 00:55:45'),
	(4,11,'15195735546','2015-11-30 00:56:11'),
	(4,18,'15195739666','2015-11-30 00:56:01'),
	(4,18,'15195755998','2015-11-30 00:56:02'),
	(4,11,'15195779503','2015-11-30 00:55:44'),
	(4,11,'15195887388','2015-11-30 00:55:54'),
	(4,11,'15195888475','2015-11-30 00:55:54'),
	(4,11,'15195901299','2015-11-30 00:55:57'),
	(4,18,'15195904154','2015-11-30 00:56:02'),
	(4,11,'15195916823','2015-11-30 00:55:53'),
	(4,11,'15196163699','2015-11-30 00:55:52'),
	(4,18,'15196350218','2015-11-30 00:55:49'),
	(4,11,'15197213206','2015-11-30 00:56:31'),
	(4,11,'15197214857','2015-11-30 00:56:30'),
	(4,11,'15197215524','2015-11-30 00:56:10'),
	(4,18,'15197217608','2015-11-30 00:55:55'),
	(4,11,'15197226601','2015-11-30 00:55:44'),
	(4,18,'15197227298','2015-11-30 00:55:58'),
	(4,18,'15197227667','2015-11-30 00:56:03'),
	(4,11,'15197227791','2015-11-30 00:55:47'),
	(4,11,'15197228964','2015-11-30 00:55:53'),
	(4,11,'15197292693','2015-11-30 00:55:58'),
	(4,11,'15197292815','2015-11-30 00:55:55'),
	(4,18,'15197293624','2015-11-30 00:55:57'),
	(4,11,'15197296834','2015-11-30 00:55:44'),
	(4,11,'15197298876','2015-11-30 00:55:50'),
	(4,18,'15197812189','2015-11-30 00:56:06'),
	(4,11,'15197812354','2015-11-30 00:56:28'),
	(4,11,'15197812395','2015-11-30 00:55:47'),
	(4,11,'15197812689','2015-11-30 00:55:52'),
	(4,11,'15197812852','2015-11-30 00:56:40'),
	(4,11,'15197813192','2015-11-30 00:56:11'),
	(4,11,'15197813201','2015-11-30 00:56:19'),
	(4,18,'15197813207','2015-11-30 00:56:00'),
	(4,18,'15197813594','2015-11-30 00:55:51'),
	(4,18,'15197813809','2015-11-30 00:56:29'),
	(4,11,'15197815882','2015-11-30 00:55:56'),
	(4,11,'15197816556','2015-11-30 00:56:32'),
	(4,18,'15197817070','2015-11-30 00:56:07'),
	(4,11,'15197818386','2015-11-30 00:56:32'),
	(4,11,'15197818655','2015-11-30 00:56:23'),
	(4,11,'15197819173','2015-11-30 00:56:05'),
	(4,18,'15198806891','2015-11-30 00:56:34'),
	(4,11,'15198972678','2015-11-30 00:56:01'),
	(4,18,'15199983545','2015-11-30 00:55:53'),
	(4,18,'15199987398','2015-11-30 00:56:10'),
	(4,18,'16472021888','2015-11-30 00:56:24'),
	(4,18,'16472329478','2015-11-30 00:56:15'),
	(4,18,'16475017181','2015-11-30 00:55:59'),
	(4,11,'16475019775','2015-11-30 00:56:00'),
	(4,11,'16475286712','2015-11-30 00:56:14'),
	(4,18,'16475456313','2015-11-30 00:56:06'),
	(4,18,'16475460383','2015-11-30 00:55:59'),
	(4,11,'16476482856','2015-11-30 00:56:10'),
	(4,18,'16476778548','2015-11-30 00:56:35'),
	(4,11,'16477199118','2015-11-30 00:55:49'),
	(4,11,'16477852630','2015-11-30 00:56:31'),
	(4,18,'16478281383','2015-11-30 00:55:45'),
	(4,11,'16478300693','2015-11-30 00:56:13'),
	(4,11,'16478321285','2015-11-30 00:56:25'),
	(4,11,'16478360710','2015-11-30 00:55:48'),
	(4,11,'16478366592','2015-11-30 00:55:56'),
	(4,11,'16478645606','2015-11-30 00:56:03'),
	(4,11,'16479192608','2015-11-30 00:55:58'),
	(4,11,'16479196900','2015-11-30 00:55:44'),
	(4,18,'16479738821','2015-11-30 00:55:50'),
	(4,18,'16479739600','2015-11-30 00:56:37'),
	(4,11,'16479781271','2015-11-30 00:56:03'),
	(4,11,'16479819818','2015-11-30 00:55:48'),
	(4,18,'16479843199','2015-11-30 00:55:57'),
	(4,18,'16479853199','2015-11-30 00:55:46'),
	(4,18,'16479929218','2015-11-30 00:55:55'),
	(4,11,'16479978011','2015-11-30 00:56:07'),
	(4,11,'17789222633','2015-11-30 00:55:46'),
	(4,11,'19056166908','2015-11-30 00:55:50'),
	(4,11,'19057816176','2015-11-30 00:55:50'),
	(4,11,'19059233537','2015-11-30 00:56:13'),
	(4,18,'19059626250','2015-11-30 00:56:02'),
	(4,18,'8613902453752','2015-11-30 00:55:59'),
	(5,5,'12262205886','2015-11-30 01:05:04'),
	(5,5,'12262208597','2015-11-30 01:04:51'),
	(5,5,'12262209864','2015-11-30 01:05:13'),
	(5,5,'12262209938','2015-11-30 01:04:57'),
	(5,18,'12263391177','2015-11-30 01:04:47'),
	(5,3,'12263391808','2015-11-30 01:04:55'),
	(5,18,'12263398877','2015-11-30 01:04:43'),
	(5,3,'12264500888','2015-11-30 01:05:11'),
	(5,3,'12266007521','2015-11-30 01:04:45'),
	(5,5,'12266063089','2015-11-30 01:05:30'),
	(5,3,'12266063686','2015-11-30 01:05:23'),
	(5,3,'12266066868','2015-11-30 01:04:50'),
	(5,3,'12266068063','2015-11-30 01:05:10'),
	(5,8,'12266666659','2015-11-30 01:05:04'),
	(5,3,'12267501799','2015-11-30 01:04:51'),
	(5,18,'12267508026','2015-11-30 01:04:41'),
	(5,5,'12267916678','2015-11-30 01:05:07'),
	(5,18,'12268080435','2015-11-30 01:04:42'),
	(5,5,'12268080699','2015-11-30 01:05:11'),
	(5,18,'12268089008','2015-11-30 01:04:39'),
	(5,18,'12268089734','2015-11-30 01:04:47'),
	(5,18,'12269292598','2015-11-30 01:05:14'),
	(5,3,'12269343539','2015-11-30 01:04:47'),
	(5,3,'12269344625','2015-11-30 01:04:39'),
	(5,18,'12269720603','2015-11-30 01:05:06'),
	(5,18,'12269723311','2015-11-30 01:04:53'),
	(5,3,'12269724868','2015-11-30 01:04:50'),
	(5,3,'12269725967','2015-11-30 01:05:27'),
	(5,18,'12269726792','2015-11-30 01:04:45'),
	(5,5,'12269780108','2015-11-30 01:05:06'),
	(5,8,'12269781021','2015-11-30 01:04:51'),
	(5,5,'12269782531','2015-11-30 01:04:52'),
	(5,18,'12269782982','2015-11-30 01:04:39'),
	(5,5,'12269783007','2015-11-30 01:05:28'),
	(5,18,'12269786238','2015-11-30 01:04:47'),
	(5,3,'12269786441','2015-11-30 01:05:02'),
	(5,3,'12269786496','2015-11-30 01:05:10'),
	(5,18,'12269786522','2015-11-30 01:05:02'),
	(5,8,'12269786632','2015-11-30 01:05:20'),
	(5,5,'12269786743','2015-11-30 01:05:25'),
	(5,3,'12269786799','2015-11-30 01:05:24'),
	(5,18,'12269787358','2015-11-30 01:05:08'),
	(5,18,'12269787734','2015-11-30 01:04:56'),
	(5,18,'12269787766','2015-11-30 01:05:26'),
	(5,5,'12269787895','2015-11-30 01:05:06'),
	(5,18,'12269881899','2015-11-30 01:05:18'),
	(5,18,'12269883266','2015-11-30 01:04:42'),
	(5,3,'12269884259','2015-11-30 01:05:15'),
	(5,3,'12269884434','2015-11-30 01:05:16'),
	(5,5,'12269894960','2015-11-30 01:05:17'),
	(5,3,'12269898350','2015-11-30 01:05:04'),
	(5,5,'12896006988','2015-11-30 01:04:57'),
	(5,5,'12899526527','2015-11-30 01:04:52'),
	(5,3,'13433332084','2015-11-30 01:05:01'),
	(5,5,'14163472596','2015-11-30 01:05:08'),
	(5,18,'14165432343','2015-11-30 01:05:16'),
	(5,5,'14165601488','2015-11-30 01:04:52'),
	(5,18,'14165876855','2015-11-30 01:05:00'),
	(5,18,'14167701399','2015-11-30 01:05:15'),
	(5,3,'14168050215','2015-11-30 01:05:10'),
	(5,5,'14168243604','2015-11-30 01:04:38'),
	(5,5,'14168386622','2015-11-30 01:04:55'),
	(5,3,'14168876360','2015-11-30 01:04:40'),
	(5,5,'14169172664','2015-11-30 01:04:41'),
	(5,5,'15195001838','2015-11-30 01:05:09'),
	(5,3,'15195001879','2015-11-30 01:05:27'),
	(5,3,'15195006228','2015-11-30 01:05:23'),
	(5,3,'15195008021','2015-11-30 01:05:00'),
	(5,18,'15195009259','2015-11-30 01:04:49'),
	(5,8,'15195023228','2015-11-30 01:05:22'),
	(5,3,'15195032211','2015-11-30 01:04:59'),
	(5,18,'15195052709','2015-11-30 01:04:44'),
	(5,3,'15195735546','2015-11-30 01:05:12'),
	(5,5,'15195739666','2015-11-30 01:04:56'),
	(5,18,'15195755998','2015-11-30 01:05:05'),
	(5,5,'15195779503','2015-11-30 01:05:09'),
	(5,5,'15195887388','2015-11-30 01:04:41'),
	(5,3,'15195888475','2015-11-30 01:05:01'),
	(5,3,'15195901299','2015-11-30 01:04:58'),
	(5,18,'15195904154','2015-11-30 01:04:43'),
	(5,8,'15195916823','2015-11-30 01:04:42'),
	(5,3,'15196163699','2015-11-30 01:05:13'),
	(5,18,'15196350218','2015-11-30 01:04:41'),
	(5,18,'15197214857','2015-11-30 01:05:03'),
	(5,5,'15197215524','2015-11-30 01:05:25'),
	(5,18,'15197217608','2015-11-30 01:04:48'),
	(5,5,'15197226601','2015-11-30 01:05:05'),
	(5,18,'15197227298','2015-11-30 01:04:40'),
	(5,3,'15197227667','2015-11-30 01:04:44'),
	(5,5,'15197227791','2015-11-30 01:05:20'),
	(5,5,'15197228964','2015-11-30 01:05:05'),
	(5,5,'15197290193','2015-11-30 01:04:38'),
	(5,5,'15197290397','2015-11-30 01:05:02'),
	(5,18,'15197292693','2015-11-30 01:04:46'),
	(5,3,'15197292815','2015-11-30 01:04:58'),
	(5,18,'15197293624','2015-11-30 01:05:03'),
	(5,3,'15197295532','2015-11-30 01:04:51'),
	(5,8,'15197296834','2015-11-30 01:04:53'),
	(5,3,'15197298876','2015-11-30 01:05:02'),
	(5,3,'15197299636','2015-11-30 01:04:50'),
	(5,3,'15197743506','2015-11-30 01:04:54'),
	(5,3,'15197811650','2015-11-30 01:04:59'),
	(5,18,'15197812189','2015-11-30 01:05:00'),
	(5,18,'15197812354','2015-11-30 01:04:57'),
	(5,5,'15197812395','2015-11-30 01:05:18'),
	(5,5,'15197812689','2015-11-30 01:04:55'),
	(5,3,'15197812852','2015-11-30 01:05:30'),
	(5,5,'15197812879','2015-11-30 01:04:57'),
	(5,5,'15197813192','2015-11-30 01:05:13'),
	(5,3,'15197813201','2015-11-30 01:05:19'),
	(5,3,'15197813207','2015-11-30 01:04:45'),
	(5,18,'15197813594','2015-11-30 01:04:54'),
	(5,18,'15197813809','2015-11-30 01:04:56'),
	(5,3,'15197815882','2015-11-30 01:04:44'),
	(5,8,'15197816433','2015-11-30 01:04:49'),
	(5,5,'15197816556','2015-11-30 01:05:14'),
	(5,18,'15197817070','2015-11-30 01:04:56'),
	(5,3,'15197818386','2015-11-30 01:05:19'),
	(5,3,'15197818655','2015-11-30 01:04:59'),
	(5,5,'15198078152','2015-11-30 01:04:52'),
	(5,18,'15198806891','2015-11-30 01:04:54'),
	(5,5,'15198972678','2015-11-30 01:04:50'),
	(5,18,'15199983545','2015-11-30 01:04:58'),
	(5,18,'15199987398','2015-11-30 01:05:12'),
	(5,3,'16472021888','2015-11-30 01:05:19'),
	(5,8,'16472329478','2015-11-30 01:05:22'),
	(5,18,'16475017181','2015-11-30 01:05:01'),
	(5,18,'16475286712','2015-11-30 01:05:07'),
	(5,18,'16475460383','2015-11-30 01:04:40'),
	(5,3,'16476482856','2015-11-30 01:04:49'),
	(5,18,'16476778548','2015-11-30 01:05:15'),
	(5,3,'16477199118','2015-11-30 01:04:40'),
	(5,5,'16477634749','2015-11-30 01:04:36'),
	(5,5,'16477852630','2015-11-30 01:05:08'),
	(5,3,'16478281383','2015-11-30 01:05:29'),
	(5,18,'16478300693','2015-11-30 01:05:12'),
	(5,3,'16478321285','2015-11-30 01:04:55'),
	(5,8,'16478360710','2015-11-30 01:04:48'),
	(5,5,'16478366592','2015-11-30 01:05:17'),
	(5,18,'16478645606','2015-11-30 01:04:53'),
	(5,3,'16479192608','2015-11-30 01:05:11'),
	(5,5,'16479196900','2015-11-30 01:04:49'),
	(5,18,'16479362664','2015-11-30 01:04:46'),
	(5,3,'16479364113','2015-11-30 01:05:04'),
	(5,18,'16479738821','2015-11-30 01:05:01'),
	(5,3,'16479739600','2015-11-30 01:05:31'),
	(5,8,'16479781271','2015-11-30 01:05:21'),
	(5,5,'16479819818','2015-11-30 01:04:58'),
	(5,18,'16479843199','2015-11-30 01:04:48'),
	(5,18,'16479853199','2015-11-30 01:04:43'),
	(5,18,'16479929218','2015-11-30 01:04:48'),
	(5,3,'16479978011','2015-11-30 01:04:43'),
	(5,5,'17789222633','2015-11-30 01:04:46'),
	(5,18,'17789289520','2015-11-30 01:05:03'),
	(5,5,'19053304608','2015-11-30 01:04:42'),
	(5,5,'19056166908','2015-11-30 01:04:46'),
	(5,18,'19059232086','2015-11-30 01:04:44'),
	(5,5,'19059233537','2015-11-30 01:05:10'),
	(5,18,'19059626250','2015-11-30 01:05:07'),
	(5,18,'8613902453752','2015-11-30 01:05:09'),
	(6,11,'12262205886','2015-11-30 02:46:09'),
	(6,11,'12262208597','2015-11-30 02:45:28'),
	(6,11,'12262209938','2015-11-30 02:45:40'),
	(6,17,'12263391177','2015-11-30 02:45:58'),
	(6,17,'12263391808','2015-11-30 02:45:31'),
	(6,4,'12264500888','2015-11-30 02:45:21'),
	(6,11,'12266007521','2015-11-30 02:45:50'),
	(6,11,'12266063089','2015-11-30 02:45:38'),
	(6,11,'12266066868','2015-11-30 02:46:07'),
	(6,11,'12266666659','2015-11-30 02:45:22'),
	(6,11,'12267501799','2015-11-30 02:45:49'),
	(6,11,'12267504088','2015-11-30 02:45:28'),
	(6,4,'12267508026','2015-11-30 02:45:20'),
	(6,17,'12268080435','2015-11-30 02:45:24'),
	(6,11,'12268080699','2015-11-30 02:45:33'),
	(6,11,'12268089734','2015-11-30 02:45:59'),
	(6,11,'12269292598','2015-11-30 02:45:19'),
	(6,4,'12269296257','2015-11-30 02:45:50'),
	(6,11,'12269298018','2015-11-30 02:45:44'),
	(6,4,'12269343539','2015-11-30 02:45:34'),
	(6,11,'12269344625','2015-11-30 02:45:46'),
	(6,11,'12269723311','2015-11-30 02:45:36'),
	(6,11,'12269724868','2015-11-30 02:45:37'),
	(6,11,'12269726792','2015-11-30 02:45:32'),
	(6,17,'12269780108','2015-11-30 02:45:49'),
	(6,11,'12269782531','2015-11-30 02:45:33'),
	(6,17,'12269782982','2015-11-30 02:46:04'),
	(6,4,'12269783618','2015-11-30 02:45:37'),
	(6,11,'12269786441','2015-11-30 02:45:50'),
	(6,11,'12269786496','2015-11-30 02:45:47'),
	(6,11,'12269786502','2015-11-30 02:45:22'),
	(6,11,'12269786522','2015-11-30 02:45:29'),
	(6,11,'12269786632','2015-11-30 02:45:40'),
	(6,4,'12269786743','2015-11-30 02:45:56'),
	(6,11,'12269786799','2015-11-30 02:45:40'),
	(6,17,'12269787734','2015-11-30 02:45:34'),
	(6,17,'12269881899','2015-11-30 02:45:56'),
	(6,17,'12269883266','2015-11-30 02:45:26'),
	(6,4,'12269894960','2015-11-30 02:46:05'),
	(6,11,'12269896288','2015-11-30 02:46:00'),
	(6,4,'12269898350','2015-11-30 02:45:39'),
	(6,11,'12896006988','2015-11-30 02:45:33'),
	(6,4,'14163472596','2015-11-30 02:45:36'),
	(6,4,'14165432343','2015-11-30 02:45:51'),
	(6,17,'14167701399','2015-11-30 02:45:34'),
	(6,4,'14168876360','2015-11-30 02:45:18'),
	(6,17,'15195001879','2015-11-30 02:45:27'),
	(6,4,'15195006228','2015-11-30 02:45:39'),
	(6,11,'15195009259','2015-11-30 02:45:53'),
	(6,11,'15195023228','2015-11-30 02:45:24'),
	(6,11,'15195052709','2015-11-30 02:45:23'),
	(6,11,'15195755998','2015-11-30 02:46:05'),
	(6,4,'15195887388','2015-11-30 02:45:41'),
	(6,17,'15195888475','2015-11-30 02:45:30'),
	(6,4,'15195901299','2015-11-30 02:45:35'),
	(6,17,'15195904154','2015-11-30 02:45:45'),
	(6,11,'15195916823','2015-11-30 02:45:24'),
	(6,17,'15196350218','2015-11-30 02:45:25'),
	(6,17,'15197214857','2015-11-30 02:45:48'),
	(6,11,'15197215524','2015-11-30 02:45:32'),
	(6,4,'15197217608','2015-11-30 02:45:53'),
	(6,11,'15197226601','2015-11-30 02:45:35'),
	(6,11,'15197227230','2015-11-30 02:45:42'),
	(6,11,'15197227298','2015-11-30 02:45:30'),
	(6,17,'15197227667','2015-11-30 02:45:53'),
	(6,11,'15197228964','2015-11-30 02:45:41'),
	(6,11,'15197290193','2015-11-30 02:46:02'),
	(6,4,'15197292693','2015-11-30 02:45:32'),
	(6,17,'15197293624','2015-11-30 02:45:38'),
	(6,4,'15197295532','2015-11-30 02:45:51'),
	(6,11,'15197296834','2015-11-30 02:45:35'),
	(6,4,'15197299636','2015-11-30 02:45:48'),
	(6,4,'15197743506','2015-11-30 02:45:43'),
	(6,11,'15197811650','2015-11-30 02:45:29'),
	(6,4,'15197811942','2015-11-30 02:45:56'),
	(6,11,'15197812395','2015-11-30 02:45:43'),
	(6,4,'15197813201','2015-11-30 02:45:34'),
	(6,4,'15197813207','2015-11-30 02:45:27'),
	(6,4,'15197813809','2015-11-30 02:45:49'),
	(6,11,'15197815882','2015-11-30 02:45:42'),
	(6,11,'15197816556','2015-11-30 02:45:55'),
	(6,4,'15197817070','2015-11-30 02:45:25'),
	(6,11,'15197818386','2015-11-30 02:45:36'),
	(6,11,'15198078152','2015-11-30 02:45:31'),
	(6,17,'15198806891','2015-11-30 02:45:38'),
	(6,4,'15199983545','2015-11-30 02:46:01'),
	(6,4,'15199987398','2015-11-30 02:46:07'),
	(6,17,'16472021888','2015-11-30 02:45:55'),
	(6,11,'16472329478','2015-11-30 02:45:26'),
	(6,11,'16475286712','2015-11-30 02:45:59'),
	(6,4,'16475460383','2015-11-30 02:45:24'),
	(6,17,'16476482856','2015-11-30 02:45:31'),
	(6,4,'16476778548','2015-11-30 02:46:01'),
	(6,4,'16478300693','2015-11-30 02:45:38'),
	(6,4,'16478321285','2015-11-30 02:45:26'),
	(6,11,'16478645606','2015-11-30 02:45:32'),
	(6,4,'16478669794','2015-11-30 02:45:31'),
	(6,17,'16478879225','2015-11-30 02:45:44'),
	(6,4,'16478942129','2015-11-30 02:46:12'),
	(6,17,'16479192608','2015-11-30 02:45:42'),
	(6,11,'16479362664','2015-11-30 02:45:28'),
	(6,11,'16479364113','2015-11-30 02:46:03'),
	(6,17,'16479738821','2015-11-30 02:46:01'),
	(6,11,'16479739600','2015-11-30 02:45:49'),
	(6,11,'16479781271','2015-11-30 02:45:57'),
	(6,4,'16479819818','2015-11-30 02:46:13'),
	(6,17,'16479853199','2015-11-30 02:45:20'),
	(6,4,'16479978011','2015-11-30 02:45:29'),
	(6,4,'19059232086','2015-11-30 02:45:26'),
	(6,4,'19059233537','2015-11-30 02:45:27'),
	(6,17,'19059626250','2015-11-30 02:45:30');

/*!40000 ALTER TABLE `votes` ENABLE KEYS */;
UNLOCK TABLES;



/*!40111 SET SQL_NOTES=@OLD_SQL_NOTES */;
/*!40101 SET SQL_MODE=@OLD_SQL_MODE */;
/*!40014 SET FOREIGN_KEY_CHECKS=@OLD_FOREIGN_KEY_CHECKS */;
/*!40101 SET CHARACTER_SET_CLIENT=@OLD_CHARACTER_SET_CLIENT */;
/*!40101 SET CHARACTER_SET_RESULTS=@OLD_CHARACTER_SET_RESULTS */;
/*!40101 SET COLLATION_CONNECTION=@OLD_COLLATION_CONNECTION */;
